Changes made at Sat Aug  9 05:58:18 UTC 2025
Changes made at Thu Nov 20 14:17:19 UTC 2025
Changes made at Thu Nov 20 14:19:24 UTC 2025
Changes made at Thu Nov 20 16:25:50 UTC 2025
Changes made at Fri Nov 21 08:27:08 UTC 2025
Changes made at Fri Nov 21 10:20:03 UTC 2025
Changes made at Fri Nov 21 14:18:37 UTC 2025
Changes made at Fri Nov 21 16:24:05 UTC 2025
Changes made at Sat Nov 22 08:23:18 UTC 2025
Changes made at Sat Nov 22 10:18:05 UTC 2025
Changes made at Sat Nov 22 14:15:53 UTC 2025
Changes made at Sat Nov 22 16:21:20 UTC 2025
Changes made at Sun Nov 23 08:23:32 UTC 2025
Changes made at Sun Nov 23 10:18:12 UTC 2025
Changes made at Sun Nov 23 14:16:03 UTC 2025
Changes made at Sun Nov 23 16:21:30 UTC 2025
Changes made at Mon Nov 24 08:28:09 UTC 2025
Changes made at Mon Nov 24 10:22:25 UTC 2025
Changes made at Mon Nov 24 14:19:53 UTC 2025
Changes made at Mon Nov 24 16:22:03 UTC 2025
Changes made at Tue Nov 25 08:27:32 UTC 2025
Changes made at Tue Nov 25 10:23:16 UTC 2025
Changes made at Tue Nov 25 14:19:40 UTC 2025
Changes made at Tue Nov 25 16:27:05 UTC 2025
Changes made at Wed Nov 26 08:27:00 UTC 2025
Changes made at Wed Nov 26 10:22:26 UTC 2025
Changes made at Wed Nov 26 14:20:19 UTC 2025
Changes made at Wed Nov 26 16:25:42 UTC 2025
Changes made at Thu Nov 27 08:27:29 UTC 2025
Changes made at Thu Nov 27 10:22:11 UTC 2025
Changes made at Thu Nov 27 14:19:11 UTC 2025
Changes made at Thu Nov 27 16:23:39 UTC 2025
Changes made at Fri Nov 28 08:27:04 UTC 2025
Changes made at Fri Nov 28 10:20:56 UTC 2025
Changes made at Fri Nov 28 14:19:02 UTC 2025
Changes made at Fri Nov 28 16:24:30 UTC 2025
Changes made at Sat Nov 29 08:24:23 UTC 2025
Changes made at Sat Nov 29 10:19:07 UTC 2025
Changes made at Sat Nov 29 14:16:36 UTC 2025
Changes made at Sat Nov 29 16:22:24 UTC 2025
Changes made at Sun Nov 30 08:23:06 UTC 2025
Changes made at Sun Nov 30 10:18:28 UTC 2025
Changes made at Sun Nov 30 14:16:39 UTC 2025
Changes made at Sun Nov 30 16:22:03 UTC 2025
Changes made at Mon Dec  1 08:30:46 UTC 2025
Changes made at Mon Dec  1 10:22:55 UTC 2025
Changes made at Mon Dec  1 14:20:56 UTC 2025
Changes made at Mon Dec  1 16:27:50 UTC 2025
Changes made at Tue Dec  2 08:29:24 UTC 2025
Changes made at Tue Dec  2 10:22:14 UTC 2025
Changes made at Tue Dec  2 14:21:38 UTC 2025
Changes made at Tue Dec  2 16:27:43 UTC 2025
Changes made at Wed Dec  3 08:28:27 UTC 2025
Changes made at Wed Dec  3 10:23:09 UTC 2025
Changes made at Wed Dec  3 14:20:43 UTC 2025
Changes made at Wed Dec  3 16:28:22 UTC 2025
Changes made at Thu Dec  4 08:28:00 UTC 2025
Changes made at Thu Dec  4 10:23:26 UTC 2025
Changes made at Thu Dec  4 14:20:50 UTC 2025
Changes made at Thu Dec  4 16:28:46 UTC 2025
Changes made at Fri Dec  5 08:26:58 UTC 2025
Changes made at Fri Dec  5 10:21:14 UTC 2025
Changes made at Fri Dec  5 14:20:20 UTC 2025
Changes made at Fri Dec  5 16:25:37 UTC 2025
Changes made at Sat Dec  6 08:23:50 UTC 2025
Changes made at Sat Dec  6 10:18:41 UTC 2025
Changes made at Sat Dec  6 14:16:16 UTC 2025
Changes made at Sat Dec  6 16:22:18 UTC 2025
Changes made at Sun Dec  7 08:23:25 UTC 2025
Changes made at Sun Dec  7 10:17:43 UTC 2025
Changes made at Sun Dec  7 14:16:29 UTC 2025
Changes made at Sun Dec  7 16:21:40 UTC 2025
Changes made at Mon Dec  8 08:30:28 UTC 2025
Changes made at Mon Dec  8 10:22:51 UTC 2025
Changes made at Mon Dec  8 14:21:52 UTC 2025
Changes made at Mon Dec  8 16:27:17 UTC 2025
Changes made at Tue Dec  9 08:29:02 UTC 2025
Changes made at Tue Dec  9 10:24:14 UTC 2025
Changes made at Tue Dec  9 14:21:51 UTC 2025
Changes made at Tue Dec  9 16:26:35 UTC 2025
Changes made at Wed Dec 10 08:29:38 UTC 2025
Changes made at Wed Dec 10 10:23:24 UTC 2025
Changes made at Wed Dec 10 14:22:06 UTC 2025
Changes made at Wed Dec 10 16:27:16 UTC 2025
Changes made at Thu Dec 11 08:28:56 UTC 2025
Changes made at Thu Dec 11 10:24:02 UTC 2025
Changes made at Thu Dec 11 14:21:42 UTC 2025
Changes made at Thu Dec 11 16:30:08 UTC 2025
Changes made at Fri Dec 12 08:29:14 UTC 2025
Changes made at Fri Dec 12 10:22:30 UTC 2025
Changes made at Fri Dec 12 14:18:57 UTC 2025
Changes made at Fri Dec 12 16:24:57 UTC 2025
Changes made at Sat Dec 13 08:24:09 UTC 2025
Changes made at Sat Dec 13 10:19:12 UTC 2025
Changes made at Sat Dec 13 14:17:11 UTC 2025
Changes made at Sat Dec 13 16:23:14 UTC 2025
Changes made at Sun Dec 14 08:25:00 UTC 2025
Changes made at Sun Dec 14 10:19:20 UTC 2025
Changes made at Sun Dec 14 14:17:32 UTC 2025
Changes made at Sun Dec 14 16:22:48 UTC 2025
Changes made at Mon Dec 15 08:31:24 UTC 2025
Changes made at Mon Dec 15 10:25:27 UTC 2025
Changes made at Mon Dec 15 14:24:50 UTC 2025
Changes made at Mon Dec 15 16:30:22 UTC 2025
Changes made at Tue Dec 16 08:29:38 UTC 2025
Changes made at Tue Dec 16 10:24:22 UTC 2025
Changes made at Tue Dec 16 14:23:36 UTC 2025
Changes made at Tue Dec 16 16:28:25 UTC 2025
